{"cameraMode":{"drawMode":0,"name":"Shaded","section":"Shading Mode"},"sceneLighting":false,"audioPlay":false,"sceneViewState":{"showFog":true,"showMaterialUpdate":true,"showSkybox":false,"showFlares":true,"showImageEffects":true,"showParticleSystems":true},"in2DMode":false,"pivot":{"x":-0.019999980926513673,"y":2.9099998474121095,"z":45.08000183105469},"rotation":{"x":0.11155769973993302,"y":-0.7993173003196716,"z":0.15662753582000733,"w":0.5693114399909973},"size":5.612485885620117,"orthographic":false}