{"cameraMode":{"drawMode":0,"name":"Shaded","section":"Shading Mode"},"sceneLighting":false,"audioPlay":false,"sceneViewState":{"showFog":true,"showMaterialUpdate":true,"showSkybox":false,"showFlares":true,"showImageEffects":true,"showParticleSystems":true},"in2DMode":false,"pivot":{"x":2.309999942779541,"y":1.1200000047683716,"z":-36.32755661010742},"rotation":{"x":0.6712526082992554,"y":-0.0011118410620838404,"z":0.0010068927658721805,"w":0.7412271499633789},"size":2.598076105117798,"orthographic":false}