{"cameraMode":{"drawMode":0,"name":"Shaded","section":"Shading Mode"},"sceneLighting":true,"audioPlay":false,"sceneViewState":{"showFog":true,"showMaterialUpdate":true,"showSkybox":true,"showFlares":true,"showImageEffects":true,"showParticleSystems":true},"in2DMode":false,"pivot":{"x":-0.07820272445678711,"y":1.6941568851470948,"z":-34.11341094970703},"rotation":{"x":0.18108798563480378,"y":-0.23295359313488007,"z":0.04419834166765213,"w":0.9544572830200195},"size":9.207159042358399,"orthographic":false}